{"cameraMode":{"drawMode":0,"name":"Shaded","section":"Shading Mode"},"sceneLighting":false,"audioPlay":false,"sceneViewState":{"m_AlwaysRefresh":false,"showFog":true,"showSkybox":false,"showFlares":true,"showImageEffects":true,"showParticleSystems":true,"showVisualEffectGraphs":true,"m_FxEnabled":true},"in2DMode":false,"pivot":{"x":-10.29934024810791,"y":4.066319465637207,"z":0.04484081268310547},"rotation":{"x":0.2207692563533783,"y":0.04971649870276451,"z":-0.011269016191363335,"w":0.9739935398101807},"size":8.605521202087403,"orthographic":true}