{"cameraMode":{"drawMode":0,"name":"Shaded","section":"Shading Mode"},"sceneLighting":true,"audioPlay":false,"sceneViewState":{"m_AlwaysRefresh":false,"showFog":true,"showSkybox":true,"showFlares":true,"showImageEffects":true,"showParticleSystems":true,"showVisualEffectGraphs":true,"m_FxEnabled":true},"in2DMode":false,"pivot":{"x":-21.532333374023439,"y":18.128314971923829,"z":-2.2045068740844728},"rotation":{"x":0.2303379774093628,"y":0.6345362663269043,"z":-0.20634101331233979,"w":0.7083312273025513},"size":12.656977653503418,"orthographic":true}