{"cameraMode":{"drawMode":0,"name":"Shaded","section":"Shading Mode"},"sceneLighting":true,"audioPlay":false,"sceneViewState":{"m_AlwaysRefresh":false,"showFog":true,"showSkybox":true,"showFlares":true,"showImageEffects":true,"showParticleSystems":true,"showVisualEffectGraphs":true,"m_FxEnabled":true},"in2DMode":false,"pivot":{"x":36.664283752441409,"y":19.751995086669923,"z":-10.041513442993164},"rotation":{"x":0.047346748411655429,"y":0.6878098249435425,"z":-0.04504624381661415,"w":0.7229422926902771},"size":39.78165054321289,"orthographic":false}