{"cameraMode":{"drawMode":0,"name":"Shaded","section":"Shading Mode"},"sceneLighting":true,"audioPlay":false,"sceneViewState":{"m_AlwaysRefresh":false,"showFog":true,"showSkybox":true,"showFlares":true,"showImageEffects":true,"showParticleSystems":true,"showVisualEffectGraphs":true,"m_FxEnabled":true},"in2DMode":false,"pivot":{"x":15.749654769897461,"y":9.652127265930176,"z":-2.126227617263794},"rotation":{"x":0.047346748411655429,"y":0.6878098249435425,"z":-0.04504624381661415,"w":0.7229422926902771},"size":26.689395904541017,"orthographic":false}